CLAVEPROFESOR,n_unique_students,n_student_classroom_observations,n_unique_subject_variants,n_unique_years,n_unique_sessions,mean_student_visits,median_student_visits,mean_raw_grade_numeric,mean_impkde_z,n_classroom_units,mean_classroom_size,median_classroom_size,min_classroom_size,max_classroom_size
23452,860,969,4,7,2,1.9411764705882353,0.0,8.973471615720525,-8.627429696003538e-17,25,38.76,33.0,20,85
23411,689,772,4,7,2,1.7227979274611398,0.0,8.580696202531646,-2.352752420060565e-16,26,29.692307692307693,28.0,8,75
23852,661,719,4,7,2,1.8344923504867872,0.0,8.833382137628112,-5.327217572957984e-18,19,37.8421052631579,32.0,20,70
24097,660,720,4,6,2,1.4666666666666666,0.0,8.897667638483965,8.450030798535913e-17,21,34.285714285714285,32.0,13,61
23152,657,726,4,7,2,1.9476584022038568,0.0,8.146952224052718,2.5844034595268795e-17,23,31.565217391304348,28.0,12,70
21852,646,651,3,7,2,1.1735791090629801,0.0,9.087166666666667,3.172065784643304e-17,23,28.304347826086957,28.0,14,67
23148,635,708,4,7,2,1.8968926553672316,0.0,8.942572741194487,2.8790529282652367e-16,21,33.714285714285715,32.0,16,58
22446,630,682,3,7,2,1.5131964809384164,0.0,8.651539708265803,-2.1087318922636542e-16,23,29.652173913043477,29.0,16,59
23978,594,638,4,7,2,1.3401253918495297,0.0,9.054187192118226,1.3747275696769179e-17,21,30.38095238095238,28.0,14,61
23149,581,618,4,5,2,1.901294498381877,0.0,7.475721153846154,-9.808766528241675e-17,17,36.35294117647059,28.0,11,68
23885,527,584,4,7,2,1.7140410958904109,0.0,8.890573012939003,-1.4752278546389066e-16,16,36.5,32.0,20,70
22114,523,584,4,7,2,1.9075342465753424,0.0,8.849814126394051,5.777342075061389e-16,16,36.5,28.5,18,107
22521,503,527,4,6,2,2.72865275142315,0.0,8.085714285714285,-1.6811346748593451e-16,16,32.9375,30.0,11,83
23425,502,525,4,5,2,1.4819047619047618,0.0,8.765922920892496,-1.4080007001585468e-16,13,40.38461538461539,30.0,25,65
23434,497,506,2,6,2,1.3992094861660078,0.0,7.764837905236908,-7.02117327826186e-17,10,50.6,52.5,26,85
23453,488,511,3,4,2,1.4951076320939334,0.0,7.845566502463055,-2.8521433964318476e-16,11,46.45454545454545,50.0,16,87
23897,487,525,4,6,2,2.243809523809524,0.0,9.066332665330663,-5.709718412357948e-16,16,32.8125,28.5,15,60
23162,486,519,2,6,2,2.5645472061657033,0.0,9.390138067061145,-1.0182392287506253e-16,10,51.9,46.0,27,106
22115,482,487,5,7,2,0.9856262833675564,0.0,8.339267015706806,1.5410898658041186e-16,14,34.785714285714285,28.0,20,87
20792,479,536,3,7,2,3.837686567164179,1.0,7.933159268929504,-2.5767116467046543e-16,18,29.77777777777778,29.5,16,63
23836,472,548,4,7,2,1.686131386861314,0.0,8.648192771084338,2.3541590412672115e-16,14,39.142857142857146,31.5,16,69
22767,469,475,3,7,2,0.871578947368421,0.0,8.813288288288287,1.748309099830773e-16,16,29.6875,29.5,14,44
16164,468,471,3,5,2,1.8237791932059448,0.0,8.939597315436242,-4.709608499365314e-16,11,42.81818181818182,35.0,10,93
21779,463,484,3,7,2,1.3409090909090908,0.0,8.312860892388452,2.087402794233249e-17,14,34.5,31.0,16,62
24086,448,471,4,6,2,1.585987261146497,0.0,8.265533980582525,1.0088650839481253e-16,15,31.4,29.0,14,59
22473,446,514,4,6,2,2.075875486381323,0.0,8.897457627118644,-3.995938901860972e-16,16,32.125,29.0,14,60
21262,434,493,5,7,2,1.3346855983772818,0.0,8.325742574257426,-2.657328943321876e-16,15,32.86666666666667,30.0,13,60
21815,433,437,5,6,2,1.0755148741418765,0.0,9.3756038647343,-2.0680126820248911e-16,16,27.3125,28.5,4,55
21192,429,470,4,5,2,1.5893617021276596,0.0,9.196498905908097,-2.7117787920631485e-16,15,31.333333333333332,28.0,10,72
22471,424,446,3,7,2,2.336322869955157,0.0,7.427304964539007,-2.4444820856096495e-16,16,27.875,28.5,9,55
24085,388,443,3,6,2,1.507900677200903,0.0,9.517464114832537,1.4886511887750406e-15,11,40.27272727272727,35.0,28,62
23839,374,397,4,5,2,1.256926952141058,0.0,8.078386167146974,2.3546795635626743e-16,11,36.09090909090909,30.0,9,84
23887,368,373,5,6,2,1.3351206434316354,0.0,8.29153605015674,-2.291881310888393e-16,12,31.083333333333332,28.5,15,61
21853,367,380,4,6,2,1.6263157894736842,0.0,8.657478005865102,2.1035804677108228e-16,12,31.666666666666668,31.0,13,57
23468,340,362,3,3,2,1.5662983425414365,0.0,8.00125786163522,3.404275020259458e-17,6,60.333333333333336,59.0,32,89
23874,322,347,4,5,2,2.2276657060518734,0.0,7.971917808219179,4.730723511866793e-16,11,31.545454545454547,30.0,20,60
23824,315,335,4,5,2,1.2686567164179106,0.0,8.853074433656957,-3.1732493912793655e-16,8,41.875,30.5,18,70
23837,314,345,3,3,2,2.063768115942029,0.0,7.805351170568563,-4.360441154687209e-17,7,49.285714285714285,35.0,28,90
18269,309,323,3,4,2,2.0959752321981426,0.0,8.242857142857142,-1.3886380865280596e-16,10,32.3,29.0,18,59
23835,288,327,4,4,2,2.1926605504587156,0.0,8.03274647887324,-1.5821526895269815e-16,10,32.7,30.5,8,65
22109,287,290,5,6,2,0.44482758620689655,0.0,8.1,-3.675221047035001e-17,8,36.25,29.5,23,62
23859,286,288,2,3,2,1.2638888888888888,0.0,9.484229390681003,-1.314534900684647e-16,8,36.0,26.5,14,75
23133,278,290,4,3,2,0.7620689655172413,0.0,8.64903474903475,-2.855953021966782e-16,7,41.42857142857143,31.0,17,95
23096,277,293,4,6,2,1.7849829351535835,0.0,8.449180327868852,-7.028886384572237e-17,11,26.636363636363637,28.0,18,36
21854,276,288,4,5,2,1.5381944444444444,0.0,7.690416666666667,-1.279840431165111e-16,10,28.8,31.0,11,40
23823,270,276,2,5,2,1.6594202898550725,0.0,8.306799999999999,7.703177870134691e-17,10,27.6,28.0,10,56
23153,234,257,3,4,2,1.33852140077821,0.0,8.59590909090909,-1.1102230246251565e-16,8,32.125,29.5,19,60
21228,231,235,2,6,2,0.8723404255319149,0.0,7.900552486187845,1.582658354252883e-17,10,23.5,22.0,14,44
23442,203,216,3,4,2,2.9583333333333335,1.0,8.816,2.14848714950609e-16,7,30.857142857142858,30.0,13,54
22503,201,204,3,5,2,1.4411764705882353,0.0,8.021604938271604,1.1537611824535941e-16,7,29.142857142857142,26.0,11,60
24117,191,198,3,3,2,1.9343434343434343,0.0,8.050588235294118,4.0932465049311326e-17,6,33.0,29.5,13,65
23218,177,181,3,2,2,1.1546961325966851,0.0,7.977852348993289,4.017657906792694e-17,4,45.25,45.0,22,69
24827,171,177,3,3,2,2.2937853107344632,0.0,8.290967741935484,1.0224087740898334e-16,7,25.285714285714285,27.0,15,34
25494,165,165,1,2,2,0.7636363636363637,0.0,8.983687943262412,-3.290297327525464e-16,3,55.0,63.0,35,67
25093,159,159,3,3,2,0.6352201257861635,0.0,9.786666666666667,-7.743631033391815e-16,6,26.5,27.0,24,28
22091,141,142,2,3,2,2.1619718309859155,1.0,9.086363636363638,-1.289266033525974e-15,4,35.5,28.0,25,61
25487,128,130,1,2,2,0.3,0.0,8.373387096774193,2.869499509800405e-16,3,43.333333333333336,32.0,31,67
25496,122,123,2,2,2,0.24390243902439024,0.0,8.484545454545454,1.4441925523579274e-17,3,41.0,35.0,27,61
20530,106,107,2,1,2,0.8037383177570093,0.0,8.550485436893204,-2.0751832235984234e-17,4,26.75,25.0,15,42
20566,106,106,2,1,2,0.12264150943396226,0.0,9.045098039215686,3.291392315928825e-16,2,53.0,53.0,30,76
25503,97,116,2,2,2,0.3448275862068966,0.0,9.4018018018018,1.1437211331267776e-16,4,29.0,29.5,22,35
25843,97,97,2,2,2,0.07216494845360824,0.0,8.049397590361446,1.4078085776174665e-16,3,32.333333333333336,32.0,30,35
25531,95,95,2,1,1,0.14736842105263157,0.0,8.674999999999999,-1.5192525600133721e-16,2,47.5,47.5,30,65
20529,94,97,2,3,2,2.5463917525773194,1.0,9.019540229885058,5.379431150245604e-17,4,24.25,25.5,16,30
22480,85,85,2,1,1,0.9176470588235294,0.0,8.689743589743589,-3.970679993953501e-16,2,42.5,42.5,29,56
24510,71,71,2,1,2,1.0140845070422535,0.0,7.634426229508197,3.3775799059018846e-16,3,23.666666666666668,26.0,15,30
23799,65,65,3,2,2,1.5384615384615385,0.0,8.79107142857143,1.4774506404627082e-16,3,21.666666666666668,16.0,14,35
25510,65,65,2,1,1,1.3384615384615384,0.0,9.125,-2.092343392562795e-17,2,32.5,32.5,30,35
22474,61,61,2,1,1,1.5573770491803278,0.0,8.618867924528303,-8.736181177378281e-17,2,30.5,30.5,30,31
15282,58,58,2,1,1,1.4482758620689655,1.0,8.262962962962963,-5.3596973602593766e-17,2,29.0,29.0,28,30
12516,56,56,1,2,1,1.1428571428571428,0.0,8.302,4.753142324176451e-16,2,28.0,28.0,26,30
24013,45,45,1,1,1,2.311111111111111,1.0,9.071111111111112,-3.9227880203422196e-16,1,45.0,45.0,45,45
24328,40,40,2,2,2,0.525,0.0,9.478947368421052,4.0523140398818213e-16,2,20.0,20.0,7,33
21226,30,30,1,1,1,2.2,0.0,8.4625,1.2027416100105862e-16,1,30.0,30.0,30,30
21756,30,30,1,1,1,0.13333333333333333,0.0,8.903703703703703,4.2928623618839387e-16,1,30.0,30.0,30,30
22472,30,30,1,1,1,0.7333333333333333,0.0,8.338461538461539,-1.554312234475219e-16,1,30.0,30.0,30,30
26078,26,26,1,1,1,0.0,0.0,8.786363636363637,-1.708035422500241e-17,1,26.0,26.0,26,26
